{
    "items": [
        {
            "Name": "Player",
            "TextColor": {
                "r": 0.1448914259672165,
                "g": 0.8301886916160584,
                "b": 0.28437820076942446,
                "a": 1.0
            },
            "FontSize": 12,
            "FontStyle": 1,
            "ImageColor": {
                "r": 0.14509804546833039,
                "g": 0.8313725590705872,
                "b": 0.2862745225429535,
                "a": 1.0
            },
            "ImageType": 0
        },
        {
            "Name": "Obstacle",
            "TextColor": {
                "r": 0.8584905862808228,
                "g": 0.10933607071638107,
                "b": 0.10933607071638107,
                "a": 1.0
            },
            "FontSize": 12,
            "FontStyle": 1,
            "ImageColor": {
                "r": 0.8588235378265381,
                "g": 0.10980392247438431,
                "b": 0.10980392247438431,
                "a": 1.0
            },
            "ImageType": 0
        },
        {
            "Name": "Play_Area",
            "TextColor": {
                "r": 0.0,
                "g": 1.0,
                "b": 0.700775146484375,
                "a": 1.0
            },
            "FontSize": 12,
            "FontStyle": 1,
            "ImageColor": {
                "r": 0.0,
                "g": 1.0,
                "b": 0.7019608020782471,
                "a": 1.0
            },
            "ImageType": 0
        }
    ]
}